DiscFacAdj,CRRA
0.9900216884662436,4.1368574835978205
