DiscFacAdj,CRRA
0.9552205116274122,1.3759978446748666
