DiscFacAdj,CRRA
0.9564067036912898,1.3327634296841504
