DiscFacAdj,CRRA
0.8783572029816282,3.5160942263466355
