DiscFacAdj,CRRA
0.990059541559503,4.128239153345464
