DiscFacAdj,CRRA
0.8689011612165243,3.796066262763537
