DiscFacAdj,CRRA
0.9561845217685123,1.3419829066995432
