DiscFacAdj,CRRA
0.9826952870424113,3.7682894584977236
