DiscFacAdj,CRRA
0.9562452937085999,1.3387414303918428
