DiscFacAdj,CRRA
0.9274365858887479,1.476787246326599
