DiscFacAdj,CRRA
0.9911742480356607,6.034052128020187
