DiscFacAdj,CRRA
0.9909618480820204,5.986965941730887
