DiscFacAdj,CRRA
0.8193095309029956,4.5574205165556725
