DiscFacAdj,CRRA
0.9911792106436964,6.034080037474213
