DiscFacAdj,CRRA
0.9911787852759087,6.03407974974687
