DiscFacAdj,CRRA
0.9861338473449703,4.436057123654957
