DiscFacAdj,CRRA
0.9756570720304689,8.846018147853837
