DiscFacAdj,CRRA
0.8755702129442734,3.6158511660969577
