DiscFacAdj,CRRA
0.9274311481285256,1.4742643393378447
