DiscFacAdj,CRRA
0.9756577076244863,8.846001517130244
