DiscFacAdj,CRRA
0.8246562094500894,4.4642643726332185
