DiscFacAdj,CRRA
0.9530437585281377,1.386246664352366
