DiscFacAdj,CRRA
0.9861730357696492,4.425749877454312
