DiscFacAdj,CRRA
0.9273982467678095,1.4720190125393666
