DiscFacAdj,CRRA
0.9791782282367655,4.231669394199844
