DiscFacAdj,CRRA
0.9530413708159338,1.3863342334530775
