DiscFacAdj,CRRA
0.9756576356903954,8.845926577241347
