DiscFacAdj,CRRA
0.9756558075814038,8.846028566854438
