DiscFacAdj,CRRA
0.6326006490726698,5.943630057453893
