DiscFacAdj,CRRA
0.8407456786079042,7.526834053433991
