DiscFacAdj,CRRA
0.6772594280853925,5.019468591453271
