DiscFacAdj,CRRA
0.6902949988467191,5.143158466987802
