DiscFacAdj,CRRA
0.6518428502490605,5.51193902864699
