DiscFacAdj,CRRA
0.9628905096680382,1.442713138370085
