DiscFacAdj,CRRA
0.9826952831981901,3.768367697583021
