DiscFacAdj,CRRA
0.9911792224594733,6.034080046465693
