DiscFacAdj,CRRA
0.9913555579379695,6.010819574001086
