DiscFacAdj,CRRA
0.927363265767304,1.4738986792731867
