DiscFacAdj,CRRA
0.9861734987743034,4.425678459697778
