DiscFacAdj,CRRA
0.8623504474809875,7.657921805596357
