DiscFacAdj,CRRA
0.6741600851429033,5.044372293670781
