DiscFacAdj,DiscFacAdj_standard_error,CRRA,CRRA_standard_error
0.8654283187661755,0.00461577080321841,3.8910658440576364,0.09459435618402992
