DiscFacAdj,DiscFacAdj_standard_error,CRRA,CRRA_standard_error
0.8930030273049869,0.0019239746004568912,3.60783461815784,0.03626876678673419
