DiscFacAdj,DiscFacAdj_standard_error,CRRA,CRRA_standard_error
1.004447817349153,0.0012462479794297528,4.911266725500253,0.0542902139818909
