DiscFacAdj,DiscFacAdj_standard_error,CRRA,CRRA_standard_error
0.8761429165903848,0.002166617149595327,3.6926144626415933,0.04722489023154022
