DiscFacAdj,CRRA
0.6653646447644113,5.339221926702885
