DiscFacAdj,CRRA
0.8654283187661755,3.8910658440576364
