DiscFacAdj,CRRA
0.8761429165903848,3.6926144626415933
