DiscFacAdj,CRRA
0.8930030273049869,3.60783461815784
