DiscFacAdj,CRRA
0.8737350650158218,3.733244586605906
