DiscFacAdj,DiscFacAdj_standard_error,CRRA,CRRA_standard_error
0.8783572029816282,0.001783596458959803,3.5160942263466355,0.026576650880682492
