DiscFacAdj,DiscFacAdj_standard_error,CRRA,CRRA_standard_error
0.8737350650158218,0.0022461077772102087,3.733244586605906,0.039581752033379776
