DiscFacAdj,DiscFacAdj_standard_error,CRRA,CRRA_standard_error
0.8742032475672193,0.0019063084135159936,3.725123955006893,0.03486671993495782
