DiscFacAdj,CRRA
0.8742032475672193,3.725123955006893
