DiscFacAdj,CRRA
0.866131986228827,3.7557510682554494
