DiscFacAdj,CRRA
0.6331172217070709,6.9197652880985
