DiscFacAdj,DiscFacAdj_standard_error,CRRA,CRRA_standard_error
0.866131986228827,0.0010688683005501503,3.7557510682554494,0.03133498642268007
