DiscFacAdj,CRRA
0.8708649186766719,4.05166466751364
