DiscFacAdj,CRRA
0.23188706463293166,14.999783757870857
