DiscFacAdj,DiscFacAdj_standard_error,CRRA,CRRA_standard_error
0.8708649186766719,0.001095253855438407,4.05166466751364,0.03131787134115125
