DiscFacAdj,CRRA
0.8622483726384536,3.8264831622803688
