DiscFacAdj,CRRA
0.8642073648151234,3.8055353724199676
