DiscFacAdj,DiscFacAdj_standard_error,CRRA,CRRA_standard_error
0.8642073648151234,0.001192295149366319,3.8055353724199676,0.026283511729684465
