DiscFacAdj,DiscFacAdj_standard_error,CRRA,CRRA_standard_error
0.8764224065671837,0.0011996489008523831,3.505877643073127,0.025369602229849485
