DiscFacAdj,CRRA
0.8764224065671837,3.505877643073127
