DiscFacAdj,DiscFacAdj_standard_error,CRRA,CRRA_standard_error
0.6013593197374101,0.002643215364968177,5.031896157976007,0.06342657544709168
