DiscFacAdj,CRRA
0.6013593197374101,5.031896157976007
